{"mean":{"confidence_interval":{"confidence_level":0.95,"lower_bound":-0.08436458478618711,"upper_bound":-0.0526794449940921},"point_estimate":-0.06847363346870738,"standard_error":0.008116689047846641},"median":{"confidence_interval":{"confidence_level":0.95,"lower_bound":-0.07875110025273424,"upper_bound":-0.05757100976626306},"point_estimate":-0.06770019916482495,"standard_error":0.005297660083318243}}