{"mean":{"confidence_interval":{"confidence_level":0.95,"lower_bound":25563621.2327381,"upper_bound":26089235.56821429},"point_estimate":25819888.252380956,"standard_error":133983.7812907743},"median":{"confidence_interval":{"confidence_level":0.95,"lower_bound":25396697.64285714,"upper_bound":25991901.785714287},"point_estimate":25828533.428571425,"standard_error":164027.8420663763},"median_abs_dev":{"confidence_interval":{"confidence_level":0.95,"lower_bound":420958.4229264933,"upper_bound":1156188.8572735477},"point_estimate":764959.7408192494,"standard_error":184212.9803399561},"slope":null,"std_dev":{"confidence_interval":{"confidence_level":0.95,"lower_bound":556235.3123241264,"upper_bound":887852.6203384494},"point_estimate":746850.4571405585,"standard_error":84539.68325008718}}