{"mean":{"confidence_interval":{"confidence_level":0.95,"lower_bound":-0.15419017910107033,"upper_bound":-0.11172736122571818},"point_estimate":-0.1335092940570627,"standard_error":0.010768870443203526},"median":{"confidence_interval":{"confidence_level":0.95,"lower_bound":-0.13378338186605954,"upper_bound":-0.10149792668499291},"point_estimate":-0.11929844705145987,"standard_error":0.007969438284875778}}