{"mean":{"confidence_interval":{"confidence_level":0.95,"lower_bound":-0.24203674146440374,"upper_bound":-0.17549857153954204},"point_estimate":-0.20922476841055448,"standard_error":0.01697758622163746},"median":{"confidence_interval":{"confidence_level":0.95,"lower_bound":-0.24199182070214986,"upper_bound":-0.18182385244548038},"point_estimate":-0.20583600662625723,"standard_error":0.015598997655382883}}