{"mean":{"confidence_interval":{"confidence_level":0.95,"lower_bound":5628251.955648084,"upper_bound":5818480.16933712},"point_estimate":5717356.9266104745,"standard_error":48744.17241218471},"median":{"confidence_interval":{"confidence_level":0.95,"lower_bound":5567061.389610389,"upper_bound":5766238.066071428},"point_estimate":5653437.955,"standard_error":52266.49785217598},"median_abs_dev":{"confidence_interval":{"confidence_level":0.95,"lower_bound":82252.5735953623,"upper_bound":312137.60331244965},"point_estimate":179018.29564479014,"standard_error":59661.75640819815},"slope":{"confidence_interval":{"confidence_level":0.95,"lower_bound":5721396.587581507,"upper_bound":6000286.131005206},"point_estimate":5875536.406898955,"standard_error":71076.85753288449},"std_dev":{"confidence_interval":{"confidence_level":0.95,"lower_bound":133511.42911904122,"upper_bound":283323.35616317997},"point_estimate":224396.01632300534,"standard_error":38361.065031428356}}