{"mean":{"confidence_interval":{"confidence_level":0.95,"lower_bound":20962229.50391994,"upper_bound":21395754.903323263},"point_estimate":21171899.13069496,"standard_error":110703.3194396656},"median":{"confidence_interval":{"confidence_level":0.95,"lower_bound":20785562.32222222,"upper_bound":21340362.631578945},"point_estimate":21162753.910714284,"standard_error":164963.6445391992},"median_abs_dev":{"confidence_interval":{"confidence_level":0.95,"lower_bound":343029.3334039885,"upper_bound":816707.7829232683},"point_estimate":598369.0715268273,"standard_error":121949.23807493612},"slope":{"confidence_interval":{"confidence_level":0.95,"lower_bound":20919265.9404444,"upper_bound":21446701.062886108},"point_estimate":21164560.61501851,"standard_error":134357.7003161266},"std_dev":{"confidence_interval":{"confidence_level":0.95,"lower_bound":436408.2589136226,"upper_bound":750635.657283611},"point_estimate":616462.6763675739,"standard_error":80344.49682934785}}