{"mean":{"confidence_interval":{"confidence_level":0.95,"lower_bound":-0.0016543236097718466,"upper_bound":0.03721661276437857},"point_estimate":0.017422739499794115,"standard_error":0.00991438748144918},"median":{"confidence_interval":{"confidence_level":0.95,"lower_bound":-0.010245517155988648,"upper_bound":0.042516827325466355},"point_estimate":0.025559158307320473,"standard_error":0.012812605668152482}}