{"mean":{"confidence_interval":{"confidence_level":0.95,"lower_bound":-0.3046819246625946,"upper_bound":-0.24679392611852727},"point_estimate":-0.27602299344457815,"standard_error":0.014757927227597084},"median":{"confidence_interval":{"confidence_level":0.95,"lower_bound":-0.2814132171320291,"upper_bound":-0.20775107333444032},"point_estimate":-0.2480169814420442,"standard_error":0.017269690388194134}}