{"mean":{"confidence_interval":{"confidence_level":0.95,"lower_bound":-0.014449240093734697,"upper_bound":0.0679264994133682},"point_estimate":0.0272705570213696,"standard_error":0.021031814097625195},"median":{"confidence_interval":{"confidence_level":0.95,"lower_bound":0.0068933264191375675,"upper_bound":0.07659519335760745},"point_estimate":0.04318604271864168,"standard_error":0.019419874801042878}}