{"mean":{"confidence_interval":{"confidence_level":0.95,"lower_bound":0.00744743432050728,"upper_bound":0.06371813448925293},"point_estimate":0.033205815178873666,"standard_error":0.014375134731246969},"median":{"confidence_interval":{"confidence_level":0.95,"lower_bound":-0.002655328240079524,"upper_bound":0.059514121077028914},"point_estimate":0.020256340324736888,"standard_error":0.016358057945586434}}