{"mean":{"confidence_interval":{"confidence_level":0.95,"lower_bound":-0.1636847879902617,"upper_bound":-0.12189371355748821},"point_estimate":-0.1436937143232473,"standard_error":0.01064786895727504},"median":{"confidence_interval":{"confidence_level":0.95,"lower_bound":-0.15637750641319845,"upper_bound":-0.12168803707378262},"point_estimate":-0.13827147796153771,"standard_error":0.009002276532331056}}