{"mean":{"confidence_interval":{"confidence_level":0.95,"lower_bound":-0.22043978794068844,"upper_bound":-0.14830497687546787},"point_estimate":-0.18672802346208373,"standard_error":0.018433026894283357},"median":{"confidence_interval":{"confidence_level":0.95,"lower_bound":-0.220183145322689,"upper_bound":-0.15816838831762436},"point_estimate":-0.18051806960279304,"standard_error":0.016391759804585907}}