{"mean":{"confidence_interval":{"confidence_level":0.95,"lower_bound":10345647.385199998,"upper_bound":10540745.865449999},"point_estimate":10439345.780000001,"standard_error":49972.700178731044},"median":{"confidence_interval":{"confidence_level":0.95,"lower_bound":10256384.7,"upper_bound":10430673.0},"point_estimate":10355130.149999999,"standard_error":46472.66197207185},"median_abs_dev":{"confidence_interval":{"confidence_level":0.95,"lower_bound":166810.88127851542,"upper_bound":409131.468776465},"point_estimate":271578.5860285149,"standard_error":65009.801444617115},"slope":null,"std_dev":{"confidence_interval":{"confidence_level":0.95,"lower_bound":262332.9811351536,"upper_bound":435244.2664157079},"point_estimate":356854.45523336047,"standard_error":44218.897376572284}}