{"mean":{"confidence_interval":{"confidence_level":0.95,"lower_bound":1080350.3676631392,"upper_bound":9392090.555375881},"point_estimate":4017654.6100970022,"standard_error":2506387.374374113},"median":{"confidence_interval":{"confidence_level":0.95,"lower_bound":988552.2407407408,"upper_bound":2374634.2438271604},"point_estimate":1244202.975308642,"standard_error":631651.5357263301},"median_abs_dev":{"confidence_interval":{"confidence_level":0.95,"lower_bound":19977.119460150134,"upper_bound":1675977.3689510094},"point_estimate":308341.1493573318,"standard_error":755358.1412168613},"slope":{"confidence_interval":{"confidence_level":0.95,"lower_bound":1085849.4848025413,"upper_bound":8506912.392486012},"point_estimate":2962930.2606060607,"standard_error":2101312.679163625},"std_dev":{"confidence_interval":{"confidence_level":0.95,"lower_bound":144304.22504758433,"upper_bound":12864465.717611114},"point_estimate":8373399.003702536,"standard_error":4514284.773307427}}