{"mean":{"confidence_interval":{"confidence_level":0.95,"lower_bound":0.1847221198221407,"upper_bound":0.3297252421437448},"point_estimate":0.2559385895210533,"standard_error":0.036932124263134726},"median":{"confidence_interval":{"confidence_level":0.95,"lower_bound":0.1993626078654933,"upper_bound":0.39348411741263023},"point_estimate":0.2576786367428998,"standard_error":0.050082272602685454}}