{"mean":{"confidence_interval":{"confidence_level":0.95,"lower_bound":-0.2099962225073956,"upper_bound":-0.16349062725249108},"point_estimate":-0.1868659481594973,"standard_error":0.011834046866783285},"median":{"confidence_interval":{"confidence_level":0.95,"lower_bound":-0.2169466989708867,"upper_bound":-0.16602265157637974},"point_estimate":-0.18566716189059662,"standard_error":0.014377174837688413}}