{"mean":{"confidence_interval":{"confidence_level":0.95,"lower_bound":-0.3414647806094772,"upper_bound":-0.2874822497653523},"point_estimate":-0.3150581443866668,"standard_error":0.013821489812931492},"median":{"confidence_interval":{"confidence_level":0.95,"lower_bound":-0.33302343295994186,"upper_bound":-0.257104258868193},"point_estimate":-0.3005093133844212,"standard_error":0.019924926477435018}}