{"mean":{"confidence_interval":{"confidence_level":0.95,"lower_bound":-0.09384171238863084,"upper_bound":-0.06459294118676055},"point_estimate":-0.07947040435956643,"standard_error":0.007460271982343067},"median":{"confidence_interval":{"confidence_level":0.95,"lower_bound":-0.1041141445425251,"upper_bound":-0.06136361788945033},"point_estimate":-0.08532268668466025,"standard_error":0.010985614840167027}}