{"mean":{"confidence_interval":{"confidence_level":0.95,"lower_bound":-0.10919862953051053,"upper_bound":-0.04225533671502904},"point_estimate":-0.07730940023627542,"standard_error":0.01707991514444006},"median":{"confidence_interval":{"confidence_level":0.95,"lower_bound":-0.11539709178725088,"upper_bound":-0.04252832059519851},"point_estimate":-0.07798535347948898,"standard_error":0.02144580310069131}}