{"mean":{"confidence_interval":{"confidence_level":0.95,"lower_bound":-0.002825814154323321,"upper_bound":0.03432800902161999},"point_estimate":0.016233883295260876,"standard_error":0.009498174081075717},"median":{"confidence_interval":{"confidence_level":0.95,"lower_bound":-0.004889202695066208,"upper_bound":0.045642372667876296},"point_estimate":0.027236807793633355,"standard_error":0.01401986069122595}}