{"mean":{"confidence_interval":{"confidence_level":0.95,"lower_bound":0.020821792459283,"upper_bound":0.06534911002995833},"point_estimate":0.04308423697571917,"standard_error":0.011331486307602025},"median":{"confidence_interval":{"confidence_level":0.95,"lower_bound":0.010263275540588257,"upper_bound":0.06675738694891775},"point_estimate":0.03954665206087116,"standard_error":0.013614637191868903}}