{"mean":{"confidence_interval":{"confidence_level":0.95,"lower_bound":-0.160154737712801,"upper_bound":-0.053037589025937366},"point_estimate":-0.10873880637804878,"standard_error":0.02735098000892525},"median":{"confidence_interval":{"confidence_level":0.95,"lower_bound":-0.16624133490961657,"upper_bound":0.02355954361371282},"point_estimate":-0.1008533167860719,"standard_error":0.052726955240419225}}