{"mean":{"confidence_interval":{"confidence_level":0.95,"lower_bound":-0.2270594332139526,"upper_bound":-0.16708288971714177},"point_estimate":-0.19666353343923626,"standard_error":0.015390307527770899},"median":{"confidence_interval":{"confidence_level":0.95,"lower_bound":-0.2216493513144272,"upper_bound":-0.15735926414138834},"point_estimate":-0.1839737644368621,"standard_error":0.016436885561361275}}