{"mean":{"confidence_interval":{"confidence_level":0.95,"lower_bound":-0.15679624031853331,"upper_bound":-0.10819380753215768},"point_estimate":-0.13200446004114874,"standard_error":0.012405931635239323},"median":{"confidence_interval":{"confidence_level":0.95,"lower_bound":-0.12088200434895902,"upper_bound":-0.08322208246892382},"point_estimate":-0.10191179269854289,"standard_error":0.009764202145953534}}