{"mean":{"confidence_interval":{"confidence_level":0.95,"lower_bound":0.026388425167975568,"upper_bound":0.06285011414949794},"point_estimate":0.044973443846336725,"standard_error":0.00928894175250099},"median":{"confidence_interval":{"confidence_level":0.95,"lower_bound":0.020561264245705813,"upper_bound":0.06961385111604623},"point_estimate":0.049852817889285195,"standard_error":0.011839175023227306}}