{"mean":{"confidence_interval":{"confidence_level":0.95,"lower_bound":-0.27629124626305196,"upper_bound":-0.24192152197185532},"point_estimate":-0.25913986159447144,"standard_error":0.00877816582308581},"median":{"confidence_interval":{"confidence_level":0.95,"lower_bound":-0.2629472316350894,"upper_bound":-0.22863504292117587},"point_estimate":-0.24159082890448025,"standard_error":0.00985381146190198}}