{"mean":{"confidence_interval":{"confidence_level":0.95,"lower_bound":1307126.8208316169,"upper_bound":1380591.1316260225},"point_estimate":1342993.017414869,"standard_error":18760.85845775402},"median":{"confidence_interval":{"confidence_level":0.95,"lower_bound":1280272.9592592593,"upper_bound":1380217.7089506174},"point_estimate":1340847.0623172515,"standard_error":25384.033166698286},"median_abs_dev":{"confidence_interval":{"confidence_level":0.95,"lower_bound":42351.890488028,"upper_bound":143702.7646378403},"point_estimate":93584.81936340919,"standard_error":27168.533471449173},"slope":{"confidence_interval":{"confidence_level":0.95,"lower_bound":1315981.8159376094,"upper_bound":1398557.3487025641},"point_estimate":1356172.7239837397,"standard_error":21048.28986116824},"std_dev":{"confidence_interval":{"confidence_level":0.95,"lower_bound":60702.149968773425,"upper_bound":102823.66752071957},"point_estimate":85700.33292849184,"standard_error":10774.86730428976}}