{"mean":{"confidence_interval":{"confidence_level":0.95,"lower_bound":0.26873774117764754,"upper_bound":1.4160470282823494},"point_estimate":0.7576426789191344,"standard_error":0.29660949380959906},"median":{"confidence_interval":{"confidence_level":0.95,"lower_bound":-0.10821620399138698,"upper_bound":1.0168151161687584},"point_estimate":0.2331749006569459,"standard_error":0.330484604576711}}