{"mean":{"confidence_interval":{"confidence_level":0.95,"lower_bound":-0.03689850151377031,"upper_bound":0.04545170549441594},"point_estimate":0.00345017962489802,"standard_error":0.020995136783833614},"median":{"confidence_interval":{"confidence_level":0.95,"lower_bound":-0.045873365731116444,"upper_bound":0.07228895048427231},"point_estimate":0.033994440381660995,"standard_error":0.0298979736966067}}