{"mean":{"confidence_interval":{"confidence_level":0.95,"lower_bound":27070255.137023807,"upper_bound":27747142.85440476},"point_estimate":27394199.83333333,"standard_error":173046.03702443306},"median":{"confidence_interval":{"confidence_level":0.95,"lower_bound":26944564.285714284,"upper_bound":27367549.92857143},"point_estimate":27155917.785714284,"standard_error":115273.21443057894},"median_abs_dev":{"confidence_interval":{"confidence_level":0.95,"lower_bound":285072.09903895855,"upper_bound":1160005.5991057856},"point_estimate":756373.6866716819,"standard_error":269699.82461179385},"slope":null,"std_dev":{"confidence_interval":{"confidence_level":0.95,"lower_bound":639749.017874138,"upper_bound":1178032.0263742758},"point_estimate":960629.6163276221,"standard_error":138093.02108589583}}