{"mean":{"confidence_interval":{"confidence_level":0.95,"lower_bound":-0.09135232379984969,"upper_bound":-0.04488920218293312},"point_estimate":-0.06703232663533909,"standard_error":0.011876951534987088},"median":{"confidence_interval":{"confidence_level":0.95,"lower_bound":-0.074085728733009,"upper_bound":-0.0349671264910415},"point_estimate":-0.05417522036821498,"standard_error":0.010862063907997849}}