{"mean":{"confidence_interval":{"confidence_level":0.95,"lower_bound":-0.298301147700963,"upper_bound":-0.2546137437641622},"point_estimate":-0.2770716805432296,"standard_error":0.011152902437941944},"median":{"confidence_interval":{"confidence_level":0.95,"lower_bound":-0.29963763293133816,"upper_bound":-0.2562999857990388},"point_estimate":-0.2768173266935947,"standard_error":0.011490378117820796}}