{"mean":{"confidence_interval":{"confidence_level":0.95,"lower_bound":-0.036188907765977385,"upper_bound":0.0009071454592377222},"point_estimate":-0.01843571333418126,"standard_error":0.009418922721500305},"median":{"confidence_interval":{"confidence_level":0.95,"lower_bound":-0.0388673597913628,"upper_bound":0.002341623847740504},"point_estimate":-0.019371779277964074,"standard_error":0.012111226779447756}}