{"mean":{"confidence_interval":{"confidence_level":0.95,"lower_bound":0.019770589720857053,"upper_bound":0.14127453972318735},"point_estimate":0.06917063917943356,"standard_error":0.03213666497557704},"median":{"confidence_interval":{"confidence_level":0.95,"lower_bound":-0.005515275270183362,"upper_bound":0.082733716100446},"point_estimate":0.06312897961616493,"standard_error":0.02285330241690124}}