{"mean":{"confidence_interval":{"confidence_level":0.95,"lower_bound":0.024321843015191243,"upper_bound":0.0470012406546885},"point_estimate":0.036133135288686224,"standard_error":0.005760427438142849},"median":{"confidence_interval":{"confidence_level":0.95,"lower_bound":0.019803156351535733,"upper_bound":0.053924420259145345},"point_estimate":0.042004127155565785,"standard_error":0.009178771969698504}}