{"mean":{"confidence_interval":{"confidence_level":0.95,"lower_bound":-0.006992918486385724,"upper_bound":0.03127367614827617},"point_estimate":0.011477446119030565,"standard_error":0.009688432059644654},"median":{"confidence_interval":{"confidence_level":0.95,"lower_bound":-0.0076273996865467986,"upper_bound":0.02589835673277774},"point_estimate":0.00953352214318759,"standard_error":0.008478815367849724}}