{"mean":{"confidence_interval":{"confidence_level":0.95,"lower_bound":-0.1447102745076511,"upper_bound":-0.08746959217115112},"point_estimate":-0.11653405316524179,"standard_error":0.014625442534329946},"median":{"confidence_interval":{"confidence_level":0.95,"lower_bound":-0.15465700969826557,"upper_bound":-0.06902750112999624},"point_estimate":-0.12609169344373483,"standard_error":0.0246618390294815}}