{"mean":{"confidence_interval":{"confidence_level":0.95,"lower_bound":0.07124204718264894,"upper_bound":0.20019757886215267},"point_estimate":0.1349292155178745,"standard_error":0.03273488661816022},"median":{"confidence_interval":{"confidence_level":0.95,"lower_bound":0.03408688498746559,"upper_bound":0.21185796189688966},"point_estimate":0.12748670702863452,"standard_error":0.04534490120491534}}