{"mean":{"confidence_interval":{"confidence_level":0.95,"lower_bound":0.16528879115523468,"upper_bound":0.3608943149221617},"point_estimate":0.24688556024461095,"standard_error":0.04965624966272134},"median":{"confidence_interval":{"confidence_level":0.95,"lower_bound":0.12716127413423917,"upper_bound":0.24935592372230286},"point_estimate":0.15724487565548184,"standard_error":0.027525708124884838}}