{"mean":{"confidence_interval":{"confidence_level":0.95,"lower_bound":0.0015876119164426115,"upper_bound":0.033681921087101996},"point_estimate":0.017445594355302907,"standard_error":0.008186426005251725},"median":{"confidence_interval":{"confidence_level":0.95,"lower_bound":0.005436645126289719,"upper_bound":0.040605094782156126},"point_estimate":0.025842262426998053,"standard_error":0.008825958962107605}}