{"mean":{"confidence_interval":{"confidence_level":0.95,"lower_bound":10356023.314700006,"upper_bound":10510332.844050003},"point_estimate":10431042.292000003,"standard_error":39503.94700078371},"median":{"confidence_interval":{"confidence_level":0.95,"lower_bound":10315017.149999999,"upper_bound":10460719.8},"point_estimate":10373296.25,"standard_error":38285.762755775606},"median_abs_dev":{"confidence_interval":{"confidence_level":0.95,"lower_bound":145091.60709410932,"upper_bound":354708.85611265845},"point_estimate":227050.10428905513,"standard_error":51238.644128423366},"slope":null,"std_dev":{"confidence_interval":{"confidence_level":0.95,"lower_bound":217141.26493263626,"upper_bound":332370.7028118007},"point_estimate":281394.82183335436,"standard_error":29483.067507284453}}