{"mean":{"confidence_interval":{"confidence_level":0.95,"lower_bound":-0.1410899638408621,"upper_bound":-0.0690928145499032},"point_estimate":-0.1056610932210843,"standard_error":0.018380555832894933},"median":{"confidence_interval":{"confidence_level":0.95,"lower_bound":-0.14731773132665638,"upper_bound":-0.03804141968073371},"point_estimate":-0.08403469748355086,"standard_error":0.02826376716330022}}