{"mean":{"confidence_interval":{"confidence_level":0.95,"lower_bound":0.1690623587222307,"upper_bound":0.31032815672849345},"point_estimate":0.23227485196243447,"standard_error":0.03463419269077677},"median":{"confidence_interval":{"confidence_level":0.95,"lower_bound":0.07050260107459017,"upper_bound":0.35065695350795467},"point_estimate":0.2687443192334198,"standard_error":0.07411169218953062}}