{"mean":{"confidence_interval":{"confidence_level":0.95,"lower_bound":-0.2782360733001337,"upper_bound":-0.2170659876509237},"point_estimate":-0.24884472354820641,"standard_error":0.015605331716005416},"median":{"confidence_interval":{"confidence_level":0.95,"lower_bound":-0.2876090056137476,"upper_bound":-0.1856608650583016},"point_estimate":-0.23074492683656433,"standard_error":0.025020940085245105}}