{"mean":{"confidence_interval":{"confidence_level":0.95,"lower_bound":-0.24125052703561767,"upper_bound":-0.18756920148506614},"point_estimate":-0.21413355061662775,"standard_error":0.013751817429363213},"median":{"confidence_interval":{"confidence_level":0.95,"lower_bound":-0.23474854911045373,"upper_bound":-0.18071817329748963},"point_estimate":-0.20434272130098474,"standard_error":0.013671240840134546}}