{"mean":{"confidence_interval":{"confidence_level":0.95,"lower_bound":14685286.574785717,"upper_bound":14996236.679571427},"point_estimate":14835304.380000005,"standard_error":79260.08635679864},"median":{"confidence_interval":{"confidence_level":0.95,"lower_bound":14579255.285714285,"upper_bound":14924919.42857143},"point_estimate":14796654.92857143,"standard_error":81118.06374404927},"median_abs_dev":{"confidence_interval":{"confidence_level":0.95,"lower_bound":325295.5658248481,"upper_bound":706854.3180508277},"point_estimate":553656.5214706323,"standard_error":101196.35726826567},"slope":null,"std_dev":{"confidence_interval":{"confidence_level":0.95,"lower_bound":412343.41127105226,"upper_bound":719235.893988273},"point_estimate":564887.188640703,"standard_error":80889.09439428522}}