{"mean":{"confidence_interval":{"confidence_level":0.95,"lower_bound":-0.45108795904773946,"upper_bound":-0.2533743537250432},"point_estimate":-0.3471197331495982,"standard_error":0.05238618869045918},"median":{"confidence_interval":{"confidence_level":0.95,"lower_bound":-0.30885421981094174,"upper_bound":-0.24921975954026854},"point_estimate":-0.2743866633531036,"standard_error":0.014873203083241944}}