{"mean":{"confidence_interval":{"confidence_level":0.95,"lower_bound":-0.22500190916620494,"upper_bound":-0.17126189951220766},"point_estimate":-0.19913108724673267,"standard_error":0.0136887963358582},"median":{"confidence_interval":{"confidence_level":0.95,"lower_bound":-0.23726250542835348,"upper_bound":-0.1591572316840223},"point_estimate":-0.18794288562809391,"standard_error":0.021514485974136074}}