{"mean":{"confidence_interval":{"confidence_level":0.95,"lower_bound":-0.21795699907734256,"upper_bound":-0.16790695696887326},"point_estimate":-0.1929532310481552,"standard_error":0.012859427609313159},"median":{"confidence_interval":{"confidence_level":0.95,"lower_bound":-0.22628170482955756,"upper_bound":-0.15623103789707538},"point_estimate":-0.1806244569394888,"standard_error":0.01853953726115228}}