{"mean":{"confidence_interval":{"confidence_level":0.95,"lower_bound":-0.39310000040634857,"upper_bound":-0.34143403129258093},"point_estimate":-0.3685122370528091,"standard_error":0.013206161634203847},"median":{"confidence_interval":{"confidence_level":0.95,"lower_bound":-0.39013424594084034,"upper_bound":-0.3521877895340626},"point_estimate":-0.367894547362419,"standard_error":0.009925394310448574}}