{"mean":{"confidence_interval":{"confidence_level":0.95,"lower_bound":-0.25163333407655536,"upper_bound":-0.21541416666192903},"point_estimate":-0.23332461405132765,"standard_error":0.009233879599562499},"median":{"confidence_interval":{"confidence_level":0.95,"lower_bound":-0.2430583126438547,"upper_bound":-0.21295017468765665},"point_estimate":-0.22532310716195292,"standard_error":0.007580700001692742}}