{"mean":{"confidence_interval":{"confidence_level":0.95,"lower_bound":0.03889928327083101,"upper_bound":0.10200692816420523},"point_estimate":0.06746771298141674,"standard_error":0.016298606224579456},"median":{"confidence_interval":{"confidence_level":0.95,"lower_bound":0.024187169659572128,"upper_bound":0.09612574135943763},"point_estimate":0.05055788192455779,"standard_error":0.018446102026703586}}