{"mean":{"confidence_interval":{"confidence_level":0.95,"lower_bound":-0.25966891200977243,"upper_bound":-0.21491736015795596},"point_estimate":-0.23715023259479728,"standard_error":0.011506149341901023},"median":{"confidence_interval":{"confidence_level":0.95,"lower_bound":-0.28447283045311655,"upper_bound":-0.2103610264626673},"point_estimate":-0.25372867483944217,"standard_error":0.01960409521037942}}