{"mean":{"confidence_interval":{"confidence_level":0.95,"lower_bound":5337592.120712802,"upper_bound":5564476.667444097},"point_estimate":5446522.1200783765,"standard_error":57999.13241387028},"median":{"confidence_interval":{"confidence_level":0.95,"lower_bound":5250147.056060607,"upper_bound":5545481.265789473},"point_estimate":5393724.07375,"standard_error":80888.88548624168},"median_abs_dev":{"confidence_interval":{"confidence_level":0.95,"lower_bound":127779.68784041159,"upper_bound":404555.1371452103},"point_estimate":255553.2228347742,"standard_error":73066.47157102004},"slope":{"confidence_interval":{"confidence_level":0.95,"lower_bound":5431126.884728073,"upper_bound":5740354.469762204},"point_estimate":5578446.483135888,"standard_error":81241.77826689008},"std_dev":{"confidence_interval":{"confidence_level":0.95,"lower_bound":176436.8046781717,"upper_bound":334879.5423949361},"point_estimate":266160.97341258224,"standard_error":41275.5911279557}}