{"mean":{"confidence_interval":{"confidence_level":0.95,"lower_bound":588434.5406009586,"upper_bound":613031.6806691184},"point_estimate":599751.9107089513,"standard_error":6306.923301128407},"median":{"confidence_interval":{"confidence_level":0.95,"lower_bound":581934.6557017544,"upper_bound":610278.3483805668},"point_estimate":594934.1315789474,"standard_error":7771.584012306786},"median_abs_dev":{"confidence_interval":{"confidence_level":0.95,"lower_bound":14841.664575981502,"upper_bound":37584.185230115785},"point_estimate":24843.455553135445,"standard_error":5745.929145813114},"slope":{"confidence_interval":{"confidence_level":0.95,"lower_bound":578542.1826045662,"upper_bound":608523.1516144346},"point_estimate":593312.329032258,"standard_error":7671.108162225412},"std_dev":{"confidence_interval":{"confidence_level":0.95,"lower_bound":19875.640832648336,"upper_bound":50414.78177038013},"point_estimate":35082.090165978865,"standard_error":8691.85117952537}}