{"mean":{"confidence_interval":{"confidence_level":0.95,"lower_bound":-0.17432831611780247,"upper_bound":-0.11278779251535782},"point_estimate":-0.14482800565411236,"standard_error":0.015730145485864884},"median":{"confidence_interval":{"confidence_level":0.95,"lower_bound":-0.1885721095362054,"upper_bound":-0.09674396389834616},"point_estimate":-0.1339031570392064,"standard_error":0.021573347232219035}}