{"mean":{"confidence_interval":{"confidence_level":0.95,"lower_bound":0.032498963734330026,"upper_bound":0.06678329870824139},"point_estimate":0.04952842975858518,"standard_error":0.008734228282772106},"median":{"confidence_interval":{"confidence_level":0.95,"lower_bound":0.03597075133474292,"upper_bound":0.06836707240708018},"point_estimate":0.04938212443648715,"standard_error":0.008506053027744202}}