{"mean":{"confidence_interval":{"confidence_level":0.95,"lower_bound":-0.032756690234483014,"upper_bound":0.019753226306373887},"point_estimate":-0.005274820511719791,"standard_error":0.013423455813902105},"median":{"confidence_interval":{"confidence_level":0.95,"lower_bound":-0.026612761877731983,"upper_bound":0.020096665243105383},"point_estimate":-0.006478915935606233,"standard_error":0.012004123920533478}}