{"mean":{"confidence_interval":{"confidence_level":0.95,"lower_bound":-0.047607418785443605,"upper_bound":-0.003656446124212829},"point_estimate":-0.02615329495784713,"standard_error":0.011236595359285173},"median":{"confidence_interval":{"confidence_level":0.95,"lower_bound":-0.06062781835261774,"upper_bound":0.003801468371713135},"point_estimate":-0.022005733464848354,"standard_error":0.017860552886573674}}