{"mean":{"confidence_interval":{"confidence_level":0.95,"lower_bound":-0.17454075596064725,"upper_bound":-0.1251971333631336},"point_estimate":-0.1502146453393013,"standard_error":0.012518896470737366},"median":{"confidence_interval":{"confidence_level":0.95,"lower_bound":-0.15925159075430384,"upper_bound":-0.1275698669994415},"point_estimate":-0.14316353266083814,"standard_error":0.00818907401205445}}