{"mean":{"confidence_interval":{"confidence_level":0.95,"lower_bound":-0.027248587499485385,"upper_bound":0.018121090031335906},"point_estimate":-0.004030940739495614,"standard_error":0.011538477754283648},"median":{"confidence_interval":{"confidence_level":0.95,"lower_bound":-0.014159562796589142,"upper_bound":0.03510424646875099},"point_estimate":0.014278140046772192,"standard_error":0.013608706438739947}}