{"mean":{"confidence_interval":{"confidence_level":0.95,"lower_bound":-0.06847287815775173,"upper_bound":-0.024079084287654748},"point_estimate":-0.046477069699513374,"standard_error":0.01136607526284031},"median":{"confidence_interval":{"confidence_level":0.95,"lower_bound":-0.08912454684600646,"upper_bound":-0.0013042426843336008},"point_estimate":-0.03998313664112996,"standard_error":0.02303635254874822}}