{"mean":{"confidence_interval":{"confidence_level":0.95,"lower_bound":-0.22648711907318125,"upper_bound":-0.14124279088548025},"point_estimate":-0.18512338765279612,"standard_error":0.021831426713582434},"median":{"confidence_interval":{"confidence_level":0.95,"lower_bound":-0.2384382914532448,"upper_bound":-0.16085528706896435},"point_estimate":-0.20020144466516265,"standard_error":0.018512014606992117}}