{"mean":{"confidence_interval":{"confidence_level":0.95,"lower_bound":0.2677007809155505,"upper_bound":0.4825082253263749},"point_estimate":0.3716246125789866,"standard_error":0.05570196532212462},"median":{"confidence_interval":{"confidence_level":0.95,"lower_bound":0.16806946776406084,"upper_bound":0.6586853029931667},"point_estimate":0.3368656153967744,"standard_error":0.1442319909293125}}