{"mean":{"confidence_interval":{"confidence_level":0.95,"lower_bound":-0.08898691389539325,"upper_bound":-0.020802203252904057},"point_estimate":-0.05623944853877716,"standard_error":0.017348016532063117},"median":{"confidence_interval":{"confidence_level":0.95,"lower_bound":-0.08812333015034524,"upper_bound":-0.01962960838125007},"point_estimate":-0.056257168954106374,"standard_error":0.017809408378142898}}