{"mean":{"confidence_interval":{"confidence_level":0.95,"lower_bound":450222.00599618617,"upper_bound":468392.53044422704},"point_estimate":458887.21166664996,"standard_error":4621.562556784697},"median":{"confidence_interval":{"confidence_level":0.95,"lower_bound":439292.75120772945,"upper_bound":463660.5325670498},"point_estimate":453450.86574074073,"standard_error":7039.988895144064},"median_abs_dev":{"confidence_interval":{"confidence_level":0.95,"lower_bound":16980.80568299446,"upper_bound":39144.33864273024},"point_estimate":25801.0850940556,"standard_error":5840.546355435088},"slope":{"confidence_interval":{"confidence_level":0.95,"lower_bound":444698.9537434878,"upper_bound":460534.1280051615},"point_estimate":452264.82198925776,"standard_error":4034.483214253394},"std_dev":{"confidence_interval":{"confidence_level":0.95,"lower_bound":23573.297226101815,"upper_bound":42147.49290900075},"point_estimate":32969.86694883803,"standard_error":4881.976118022548}}