{"mean":{"confidence_interval":{"confidence_level":0.95,"lower_bound":0.7105147029353099,"upper_bound":1.31936467412259},"point_estimate":0.9987851493580804,"standard_error":0.16013509202961496},"median":{"confidence_interval":{"confidence_level":0.95,"lower_bound":0.5155688789097743,"upper_bound":0.9507103416402196},"point_estimate":0.7574135896930558,"standard_error":0.1168657167588001}}