{"mean":{"confidence_interval":{"confidence_level":0.95,"lower_bound":-0.1051780406646674,"upper_bound":-0.07419093165580945},"point_estimate":-0.08943310776463931,"standard_error":0.00788555551362047},"median":{"confidence_interval":{"confidence_level":0.95,"lower_bound":-0.10101827951800801,"upper_bound":-0.06169914964840861},"point_estimate":-0.07959582646677499,"standard_error":0.01140212328874698}}