{"mean":{"confidence_interval":{"confidence_level":0.95,"lower_bound":-0.18969444600212845,"upper_bound":-0.14018849884864018},"point_estimate":-0.16410201350751952,"standard_error":0.012669827193958096},"median":{"confidence_interval":{"confidence_level":0.95,"lower_bound":-0.16912418221380987,"upper_bound":-0.13450646032675095},"point_estimate":-0.1494974439686818,"standard_error":0.0094793622739933}}