{"mean":{"confidence_interval":{"confidence_level":0.95,"lower_bound":349866.7952767092,"upper_bound":381019.8056428719},"point_estimate":365070.67416624876,"standard_error":7985.983077658552},"median":{"confidence_interval":{"confidence_level":0.95,"lower_bound":339365.92992424243,"upper_bound":396126.35890151514},"point_estimate":355807.58636363636,"standard_error":13107.648690648626},"median_abs_dev":{"confidence_interval":{"confidence_level":0.95,"lower_bound":16230.09006857317,"upper_bound":57280.01130694021},"point_estimate":39688.61986159828,"standard_error":11825.615163062517},"slope":{"confidence_interval":{"confidence_level":0.95,"lower_bound":359861.98257559526,"upper_bound":394742.748484604},"point_estimate":380439.920995671,"standard_error":8925.63035215652},"std_dev":{"confidence_interval":{"confidence_level":0.95,"lower_bound":27172.242200140587,"upper_bound":42641.45698430767},"point_estimate":36717.197790050726,"standard_error":3938.7796735661136}}