{"mean":{"confidence_interval":{"confidence_level":0.95,"lower_bound":-0.022737179710318106,"upper_bound":0.03349653744655986},"point_estimate":0.005653571110736388,"standard_error":0.014347295725702126},"median":{"confidence_interval":{"confidence_level":0.95,"lower_bound":-0.01580556275748446,"upper_bound":0.031151706752493125},"point_estimate":0.012245546117406025,"standard_error":0.012503101720415539}}