{"mean":{"confidence_interval":{"confidence_level":0.95,"lower_bound":38218506.874,"upper_bound":44238749.29333334},"point_estimate":40827993.28666666,"standard_error":1557320.9002077575},"median":{"confidence_interval":{"confidence_level":0.95,"lower_bound":36836415.3,"upper_bound":40443339.8},"point_estimate":37711429.0,"standard_error":797865.9630638534},"median_abs_dev":{"confidence_interval":{"confidence_level":0.95,"lower_bound":1228642.3107272366,"upper_bound":5163123.421996238},"point_estimate":2682159.010282159,"standard_error":1004843.4287016947},"slope":null,"std_dev":{"confidence_interval":{"confidence_level":0.95,"lower_bound":2847319.2010538285,"upper_bound":12900632.974815954},"point_estimate":8684587.842012256,"standard_error":2690073.3397117117}}