{"mean":{"confidence_interval":{"confidence_level":0.95,"lower_bound":-0.01036990855931074,"upper_bound":0.023555452282227475},"point_estimate":0.006489544876266962,"standard_error":0.008583576239580643},"median":{"confidence_interval":{"confidence_level":0.95,"lower_bound":-0.010887032164583088,"upper_bound":0.03390035542866077},"point_estimate":0.009804698588428362,"standard_error":0.01127534051874657}}