{"mean":{"confidence_interval":{"confidence_level":0.95,"lower_bound":0.030290497933082843,"upper_bound":0.08110522973349747},"point_estimate":0.054109108649189164,"standard_error":0.01273471496172596},"median":{"confidence_interval":{"confidence_level":0.95,"lower_bound":0.018830694531522196,"upper_bound":0.0688430712104442},"point_estimate":0.04711012416851301,"standard_error":0.012953259056066103}}