{"mean":{"confidence_interval":{"confidence_level":0.95,"lower_bound":-0.11616736876444378,"upper_bound":0.002764933993162269},"point_estimate":-0.05623556468847679,"standard_error":0.030505239515051293},"median":{"confidence_interval":{"confidence_level":0.95,"lower_bound":-0.07822496323192385,"upper_bound":0.0354980067244095},"point_estimate":-0.026340525351218447,"standard_error":0.029644204163309998}}