{"mean":{"confidence_interval":{"confidence_level":0.95,"lower_bound":818718.1818559202,"upper_bound":859834.0169990308},"point_estimate":838709.4716379226,"standard_error":10506.998159395176},"median":{"confidence_interval":{"confidence_level":0.95,"lower_bound":805454.3833333333,"upper_bound":863953.0686819172},"point_estimate":832760.5595238095,"standard_error":18700.7007285822},"median_abs_dev":{"confidence_interval":{"confidence_level":0.95,"lower_bound":18726.522587537725,"upper_bound":77035.80730941174},"point_estimate":48707.39926354573,"standard_error":14263.007041231705},"slope":{"confidence_interval":{"confidence_level":0.95,"lower_bound":837381.9847084363,"upper_bound":889567.9703993733},"point_estimate":866214.2716144018,"standard_error":13307.809735430516},"std_dev":{"confidence_interval":{"confidence_level":0.95,"lower_bound":32942.430353511714,"upper_bound":59519.95182916814},"point_estimate":48305.552324092954,"standard_error":6814.350477192104}}