{"mean":{"confidence_interval":{"confidence_level":0.95,"lower_bound":25837030.9527381,"upper_bound":26497460.24940476},"point_estimate":26134330.538095232,"standard_error":169386.22321370637},"median":{"confidence_interval":{"confidence_level":0.95,"lower_bound":25729549.428571425,"upper_bound":26184297.64285714},"point_estimate":25920472.571428575,"standard_error":115538.66198285215},"median_abs_dev":{"confidence_interval":{"confidence_level":0.95,"lower_bound":283062.6465746402,"upper_bound":805402.6324012489},"point_estimate":548205.0013674105,"standard_error":128299.57181318785},"slope":null,"std_dev":{"confidence_interval":{"confidence_level":0.95,"lower_bound":427988.2811195592,"upper_bound":1362029.5082479287},"point_estimate":948578.2244356162,"standard_error":250021.39751135337}}