{"mean":{"confidence_interval":{"confidence_level":0.95,"lower_bound":-0.0981815882886197,"upper_bound":-0.005885718116679966},"point_estimate":-0.05341388381824419,"standard_error":0.023610563866639088},"median":{"confidence_interval":{"confidence_level":0.95,"lower_bound":-0.10738716537087767,"upper_bound":0.022550354386783766},"point_estimate":-0.051911740118462335,"standard_error":0.0335209864201309}}