{"mean":{"confidence_interval":{"confidence_level":0.95,"lower_bound":0.11629195444546699,"upper_bound":1.1008971346033898},"point_estimate":0.5704749026053249,"standard_error":0.2556937608716907},"median":{"confidence_interval":{"confidence_level":0.95,"lower_bound":-0.22347287981916641,"upper_bound":0.1997121499149029},"point_estimate":-0.18357881517324115,"standard_error":0.11765379037342313}}