{"mean":{"confidence_interval":{"confidence_level":0.95,"lower_bound":29734174.288055554,"upper_bound":30462256.18472222},"point_estimate":30081532.211111106,"standard_error":185670.26032824657},"median":{"confidence_interval":{"confidence_level":0.95,"lower_bound":29572328.416666664,"upper_bound":30285539.0},"point_estimate":29803628.166666664,"standard_error":200197.74330183258},"median_abs_dev":{"confidence_interval":{"confidence_level":0.95,"lower_bound":467803.039994834,"upper_bound":1262996.8949273229},"point_estimate":831734.1374337645,"standard_error":205289.33710620136},"slope":null,"std_dev":{"confidence_interval":{"confidence_level":0.95,"lower_bound":682462.9713148787,"upper_bound":1314130.7883207428},"point_estimate":1036377.2798484206,"standard_error":162842.44022266252}}