{"mean":{"confidence_interval":{"confidence_level":0.95,"lower_bound":-0.2668303533169165,"upper_bound":-0.15512727875212678},"point_estimate":-0.2128347859538252,"standard_error":0.02852506683921179},"median":{"confidence_interval":{"confidence_level":0.95,"lower_bound":-0.29112005621659587,"upper_bound":-0.1449696636857597},"point_estimate":-0.1902718613038945,"standard_error":0.03853077137239032}}