{"mean":{"confidence_interval":{"confidence_level":0.95,"lower_bound":12961070.450000003,"upper_bound":14449524.744499996},"point_estimate":13680781.32333333,"standard_error":378657.91311494977},"median":{"confidence_interval":{"confidence_level":0.95,"lower_bound":11777195.833333334,"upper_bound":14943234.5},"point_estimate":14044268.5,"standard_error":896582.1992268978},"median_abs_dev":{"confidence_interval":{"confidence_level":0.95,"lower_bound":1614194.3118423242,"upper_bound":3654648.47111702},"point_estimate":3230774.0034922957,"standard_error":573132.5732171435},"slope":null,"std_dev":{"confidence_interval":{"confidence_level":0.95,"lower_bound":2051979.0940955847,"upper_bound":3466733.733229425},"point_estimate":2701950.731035371,"standard_error":395041.4825255122}}