{"mean":{"confidence_interval":{"confidence_level":0.95,"lower_bound":23801662.198571436,"upper_bound":24232229.62023809},"point_estimate":24010833.67142857,"standard_error":110074.02874565951},"median":{"confidence_interval":{"confidence_level":0.95,"lower_bound":23525644.42857143,"upper_bound":24292835.5},"point_estimate":24036551.85714286,"standard_error":209293.77604996378},"median_abs_dev":{"confidence_interval":{"confidence_level":0.95,"lower_bound":327704.04948209174,"upper_bound":912821.3423941808},"point_estimate":744752.6444779971,"standard_error":140668.22226833718},"slope":null,"std_dev":{"confidence_interval":{"confidence_level":0.95,"lower_bound":448125.81976144656,"upper_bound":744494.1288315565},"point_estimate":611896.112926944,"standard_error":76283.67507315325}}