{"mean":{"confidence_interval":{"confidence_level":0.95,"lower_bound":-0.055950241340483625,"upper_bound":0.04888862509379554},"point_estimate":-0.003087644280029167,"standard_error":0.026737042361452884},"median":{"confidence_interval":{"confidence_level":0.95,"lower_bound":-0.02652536217580148,"upper_bound":0.08607691282622398},"point_estimate":-0.004393316631645439,"standard_error":0.028239183098948843}}