{"mean":{"confidence_interval":{"confidence_level":0.95,"lower_bound":-0.11420405902830956,"upper_bound":-0.07223160868338947},"point_estimate":-0.09373304881508449,"standard_error":0.010695849690291697},"median":{"confidence_interval":{"confidence_level":0.95,"lower_bound":-0.12304392694268096,"upper_bound":-0.06260996491380981},"point_estimate":-0.08938331263507115,"standard_error":0.015910680960774214}}