{"mean":{"confidence_interval":{"confidence_level":0.95,"lower_bound":-0.21692835908387345,"upper_bound":-0.16455800344720936},"point_estimate":-0.19147198611892113,"standard_error":0.01326912060691904},"median":{"confidence_interval":{"confidence_level":0.95,"lower_bound":-0.2078077176830614,"upper_bound":-0.16765830529920556},"point_estimate":-0.18740200933550843,"standard_error":0.01002504502610076}}