{"mean":{"confidence_interval":{"confidence_level":0.95,"lower_bound":48105408.97604167,"upper_bound":53348354.392291665},"point_estimate":50044822.75,"standard_error":1499027.8529094132},"median":{"confidence_interval":{"confidence_level":0.95,"lower_bound":47694367.375,"upper_bound":49008467.375},"point_estimate":48484079.375,"standard_error":358298.13547376764},"median_abs_dev":{"confidence_interval":{"confidence_level":0.95,"lower_bound":777457.6349973679,"upper_bound":2404419.1094130278},"point_estimate":1247046.3431105018,"standard_error":398466.55390324973},"slope":null,"std_dev":{"confidence_interval":{"confidence_level":0.95,"lower_bound":1261305.2924194378,"upper_bound":13906606.595999578},"point_estimate":8376713.497488018,"standard_error":4373467.137414286}}