{"mean":{"confidence_interval":{"confidence_level":0.95,"lower_bound":-0.21146260938132969,"upper_bound":-0.13301793739453988},"point_estimate":-0.17179816204349052,"standard_error":0.02006020933934848},"median":{"confidence_interval":{"confidence_level":0.95,"lower_bound":-0.1890626604513267,"upper_bound":-0.1228079383331454},"point_estimate":-0.1538077362920386,"standard_error":0.01591654199282941}}