{"mean":{"confidence_interval":{"confidence_level":0.95,"lower_bound":-0.25812335733251146,"upper_bound":-0.21337097177670533},"point_estimate":-0.235449268690329,"standard_error":0.011420383952066055},"median":{"confidence_interval":{"confidence_level":0.95,"lower_bound":-0.26134772946910745,"upper_bound":-0.20078876849992255},"point_estimate":-0.21636686812727868,"standard_error":0.015739727425279543}}