{"mean":{"confidence_interval":{"confidence_level":0.95,"lower_bound":-0.11812401467909692,"upper_bound":-0.03553335078969108},"point_estimate":-0.07703854580704506,"standard_error":0.02110713042570552},"median":{"confidence_interval":{"confidence_level":0.95,"lower_bound":-0.11214835821123603,"upper_bound":-0.0253044897611876},"point_estimate":-0.06852612296615668,"standard_error":0.02172089530073637}}