{"mean":{"confidence_interval":{"confidence_level":0.95,"lower_bound":66252628.845625,"upper_bound":70131597.80624999},"point_estimate":68191712.7375,"standard_error":992856.0301195452},"median":{"confidence_interval":{"confidence_level":0.95,"lower_bound":64902362.75,"upper_bound":70982763.625},"point_estimate":69064597.25,"standard_error":1431825.459204032},"median_abs_dev":{"confidence_interval":{"confidence_level":0.95,"lower_bound":2200071.057765931,"upper_bound":7835773.07311222},"point_estimate":5740123.384742439,"standard_error":1471471.664283404},"slope":null,"std_dev":{"confidence_interval":{"confidence_level":0.95,"lower_bound":3412358.678560336,"upper_bound":5326973.151001696},"point_estimate":4557126.000352386,"standard_error":489585.60727148416}}