{"mean":{"confidence_interval":{"confidence_level":0.95,"lower_bound":-0.032562063028157874,"upper_bound":0.014702255588775963},"point_estimate":-0.009640402601292841,"standard_error":0.012095046914216472},"median":{"confidence_interval":{"confidence_level":0.95,"lower_bound":-0.030944278277293846,"upper_bound":0.02115766168297184},"point_estimate":-0.0021872951957397913,"standard_error":0.014549795813131735}}