{"mean":{"confidence_interval":{"confidence_level":0.95,"lower_bound":0.05789912005003116,"upper_bound":0.0925579233508904},"point_estimate":0.07529554478804701,"standard_error":0.008867176247029823},"median":{"confidence_interval":{"confidence_level":0.95,"lower_bound":0.0477538355560106,"upper_bound":0.0985978094831439},"point_estimate":0.06521252505498487,"standard_error":0.011708556456480912}}