{"mean":{"confidence_interval":{"confidence_level":0.95,"lower_bound":-0.03773522500987573,"upper_bound":0.010168084475810635},"point_estimate":-0.014885167053994453,"standard_error":0.012183683897328549},"median":{"confidence_interval":{"confidence_level":0.95,"lower_bound":-0.0558460854350501,"upper_bound":0.0076522193449619635},"point_estimate":-0.02653364416966597,"standard_error":0.016393054571005383}}