{"mean":{"confidence_interval":{"confidence_level":0.95,"lower_bound":-0.19713702544775477,"upper_bound":-0.0174656068734973},"point_estimate":-0.10726181503410004,"standard_error":0.04608727217852852},"median":{"confidence_interval":{"confidence_level":0.95,"lower_bound":-0.14085636562471415,"upper_bound":0.04582842334386639},"point_estimate":-0.031073806813679106,"standard_error":0.04444211066586167}}