{"mean":{"confidence_interval":{"confidence_level":0.95,"lower_bound":286406.00330515986,"upper_bound":303724.5981416693},"point_estimate":293678.8655646145,"standard_error":4516.771105452366},"median":{"confidence_interval":{"confidence_level":0.95,"lower_bound":281662.32488738734,"upper_bound":294494.1361003861},"point_estimate":290393.2971971972,"standard_error":3056.716939631304},"median_abs_dev":{"confidence_interval":{"confidence_level":0.95,"lower_bound":6418.875344887392,"upper_bound":20133.22711042511},"point_estimate":15738.58439469844,"standard_error":3656.4847997231823},"slope":{"confidence_interval":{"confidence_level":0.95,"lower_bound":285930.336597532,"upper_bound":296570.6045833037},"point_estimate":291372.9995426415,"standard_error":2721.6908948028004},"std_dev":{"confidence_interval":{"confidence_level":0.95,"lower_bound":9678.917232620814,"upper_bound":39406.662753831035},"point_estimate":25219.29730851716,"standard_error":9365.603884947659}}