{"mean":{"confidence_interval":{"confidence_level":0.95,"lower_bound":75833802.05,"upper_bound":78494523.68906249},"point_estimate":77102720.1875,"standard_error":678478.2351323055},"median":{"confidence_interval":{"confidence_level":0.95,"lower_bound":75396005.625,"upper_bound":77888508.75},"point_estimate":76386959.375,"standard_error":601818.0967624004},"median_abs_dev":{"confidence_interval":{"confidence_level":0.95,"lower_bound":920992.7715741098,"upper_bound":3960878.1366303563},"point_estimate":1979275.0420108438,"standard_error":774334.4506935962},"slope":null,"std_dev":{"confidence_interval":{"confidence_level":0.95,"lower_bound":1837544.9425934718,"upper_bound":3928926.3245325345},"point_estimate":3118425.842428782,"standard_error":528455.2120879369}}