{"mean":{"confidence_interval":{"confidence_level":0.95,"lower_bound":-0.20194784806082164,"upper_bound":-0.15821797359549367},"point_estimate":-0.18048417749987267,"standard_error":0.011226184602222682},"median":{"confidence_interval":{"confidence_level":0.95,"lower_bound":-0.21139541343110613,"upper_bound":-0.1730863888731735},"point_estimate":-0.190554949610111,"standard_error":0.00996697206228926}}