{"mean":{"confidence_interval":{"confidence_level":0.95,"lower_bound":-0.006219472447176279,"upper_bound":0.05633892884964428},"point_estimate":0.024861277454418573,"standard_error":0.015937231322418154},"median":{"confidence_interval":{"confidence_level":0.95,"lower_bound":-0.011613241306359545,"upper_bound":0.06256821139283031},"point_estimate":0.013992476736514936,"standard_error":0.017573292802362615}}