{"mean":{"confidence_interval":{"confidence_level":0.95,"lower_bound":0.00017208708444630555,"upper_bound":0.04598812941541742},"point_estimate":0.021314291622539505,"standard_error":0.01168841850984381},"median":{"confidence_interval":{"confidence_level":0.95,"lower_bound":-0.004083799146216149,"upper_bound":0.04089782036287848},"point_estimate":0.020044792441328507,"standard_error":0.011514616715242051}}