{"mean":{"confidence_interval":{"confidence_level":0.95,"lower_bound":-0.2715529626368929,"upper_bound":-0.21718349310674656},"point_estimate":-0.245631474011909,"standard_error":0.013914002037531827},"median":{"confidence_interval":{"confidence_level":0.95,"lower_bound":-0.2704197725948152,"upper_bound":-0.20207810799848136},"point_estimate":-0.24521922512209227,"standard_error":0.019033619168863203}}