{"mean":{"confidence_interval":{"confidence_level":0.95,"lower_bound":68019847.7834375,"upper_bound":71680591.3028125},"point_estimate":69741454.8125,"standard_error":942680.6212810967},"median":{"confidence_interval":{"confidence_level":0.95,"lower_bound":67510366.75,"upper_bound":70704617.75},"point_estimate":68310554.375,"standard_error":833815.0915719853},"median_abs_dev":{"confidence_interval":{"confidence_level":0.95,"lower_bound":1049674.4803145528,"upper_bound":5464127.577417344},"point_estimate":3229448.744440824,"standard_error":1120473.7485861487},"slope":null,"std_dev":{"confidence_interval":{"confidence_level":0.95,"lower_bound":2426878.2784401765,"upper_bound":5466784.909128248},"point_estimate":4332190.524072069,"standard_error":766857.6906555289}}