{"mean":{"confidence_interval":{"confidence_level":0.95,"lower_bound":-0.07024267885850707,"upper_bound":-0.013104983802713466},"point_estimate":-0.04017591798869302,"standard_error":0.014626006360684401},"median":{"confidence_interval":{"confidence_level":0.95,"lower_bound":-0.0398271102307699,"upper_bound":0.0027574855671774756},"point_estimate":-0.009095979715011193,"standard_error":0.010372201921645173}}