{"mean":{"confidence_interval":{"confidence_level":0.95,"lower_bound":0.029786376592825257,"upper_bound":0.22899873481065547},"point_estimate":0.11643516371974982,"standard_error":0.04897649432546749},"median":{"confidence_interval":{"confidence_level":0.95,"lower_bound":-0.09066218520412495,"upper_bound":0.02430536309594533},"point_estimate":-0.06388031402225358,"standard_error":0.030068563558277802}}