{"mean":{"confidence_interval":{"confidence_level":0.95,"lower_bound":-0.07688592257464302,"upper_bound":-0.023323369114114766},"point_estimate":-0.05006201757690343,"standard_error":0.013707117736485383},"median":{"confidence_interval":{"confidence_level":0.95,"lower_bound":-0.07348244648091762,"upper_bound":0.003248233673903256},"point_estimate":-0.02818551275356651,"standard_error":0.018529830283787227}}