{"mean":{"confidence_interval":{"confidence_level":0.95,"lower_bound":-0.23685551424313528,"upper_bound":-0.195333503826068},"point_estimate":-0.21762088128855595,"standard_error":0.010579411679280112},"median":{"confidence_interval":{"confidence_level":0.95,"lower_bound":-0.24396052940297608,"upper_bound":-0.2028731263659701},"point_estimate":-0.22468310848719564,"standard_error":0.010290176673372344}}