{"mean":{"confidence_interval":{"confidence_level":0.95,"lower_bound":-0.061256688880836914,"upper_bound":-0.01602903425368364},"point_estimate":-0.03918091269512225,"standard_error":0.011487461645496133},"median":{"confidence_interval":{"confidence_level":0.95,"lower_bound":-0.06081120868307588,"upper_bound":-0.021074352141035924},"point_estimate":-0.040609442065455026,"standard_error":0.010439533517543424}}